-0.6427863836288452,0.7660447359085083,-4.621571861207485e-05,35.09064865112305,0.7660447359085083,0.6427870988845825,-5.4771462600911036e-05,-40.53023910522461,-1.2250542567926459e-05,-7.06097052898258e-05,-0.9999992847442627,-292.1099853515625,0.0,0.0,0.0,1.0
-0.6427838802337646,0.766046941280365,-3.6359768273541704e-05,34.93729782104492,0.766046941280365,0.6427844762802124,-6.736007344443351e-05,-40.34748077392578,-2.8229496820131317e-05,-7.115129847079515e-05,-0.9999994039535522,-292.1100158691406,0.0,0.0,0.0,1.0
-0.6427773237228394,0.76605224609375,-2.3204251192510128e-05,34.6983642578125,0.76605224609375,0.6427781581878662,-4.241490023559891e-05,-40.062747955322266,-1.757685822667554e-05,-4.503903983277269e-05,-0.9999991655349731,-292.1099853515625,0.0,0.0,0.0,1.0
-0.6427712440490723,0.7660573124885559,-8.655597412143834e-07,34.389976501464844,0.7660573124885559,0.6427720785140991,-2.297553510288708e-05,-39.6951904296875,-1.704422538750805e-05,-1.5431098290719092e-05,-0.9999991655349731,-292.1099853515625,0.0,0.0,0.0,1.0
-0.6427648067474365,0.7660630345344543,2.6441561203682795e-05,34.02512741088867,0.7660630345344543,0.6427652835845947,-2.856999526557047e-05,-39.260398864746094,-3.88821390515659e-05,1.8921091395895928e-06,-0.9999995231628418,-292.1099853515625,0.0,0.0,0.0,1.0
-0.6427589654922485,0.7660678029060364,3.4432890970492736e-05,33.61445236206055,0.7660678029060364,0.6427595615386963,-3.2294199627358466e-05,-38.770957946777344,-4.687162072514184e-05,5.620531737804413e-06,-0.9999994039535522,-292.1100158691406,0.0,0.0,0.0,1.0
-0.6427515745162964,0.7660741209983826,1.1283314961474389e-05,33.16658020019531,0.7660741209983826,0.6427521705627441,-2.3210981453303248e-05,-38.237152099609375,-2.5033710699062794e-05,-6.275047780945897e-06,-0.9999994039535522,-292.1099853515625,0.0,0.0,0.0,1.0
-0.6427451372146606,0.7660793662071228,-6.017842679284513e-06,32.68846130371094,0.7660793662071228,0.6427457928657532,-4.0507766243536025e-05,-37.66733932495117,-2.7164234779775143e-05,-3.0646340746898204e-05,-0.9999992847442627,-292.1099853515625,0.0,0.0,0.0,1.0
-0.6427373886108398,0.7660861015319824,-2.8674190616584383e-05,32.18581771850586,0.7660861015319824,0.6427378058433533,-6.716368079651147e-05,-37.068260192871094,-3.302318509668112e-05,-6.51355367153883e-05,-0.9999995231628418,-292.1100158691406,0.0,0.0,0.0,1.0
-0.6427241563796997,0.7660968899726868,-5.1116905524395406e-05,31.663246154785156,0.7660968899726868,0.6427249312400818,-5.4704352805856615e-05,-36.445430755615234,-9.054745532921515e-06,-7.432036363752559e-05,-0.9999992847442627,-292.1099853515625,0.0,0.0,0.0,1.0
-0.6427114009857178,0.7661078572273254,-4.445491504156962e-05,31.124481201171875,0.7661078572273254,0.642711877822876,-4.007558527518995e-05,-35.80329895019531,-2.1305277186911553e-06,-5.9814319683937356e-05,-0.9999995231628418,-292.1099853515625,0.0,0.0,0.0,1.0
-0.554861307144165,0.831941545009613,-0.001065644551999867,30.587158203125,0.8319422602653503,0.5548615455627441,-0.0006810677004978061,-35.17616271972656,2.467632293701172e-05,-0.001264453399926424,-0.9999985694885254,-292.1100769042969,0.0,0.0,0.0,1.0
-0.40010976791381836,0.9164635539054871,-0.002441046293824911,30.06000328063965,0.9164667725563049,0.40010833740234375,-0.0012638905318453908,-34.54185104370117,-0.00018162745982408524,-0.00274283392354846,-0.9999957084655762,-292.1101989746094,0.0,0.0,0.0,1.0
-0.2576502561569214,0.9662343263626099,-0.002673726063221693,29.558176040649414,0.9662379026412964,0.257648229598999,-0.0011815120233222842,-33.863590240478516,-0.00045273732393980026,-0.0028878729790449142,-0.9999954700469971,-292.11016845703125,0.0,0.0,0.0,1.0
-0.13100075721740723,0.9913802146911621,-0.0017451869789510965,29.102909088134766,0.9913816452026367,0.13100051879882812,-0.0007447680691257119,-33.14059829711914,-0.0005097288521938026,-0.0018277127528563142,-0.9999973773956299,-292.1100769042969,0.0,0.0,0.0,1.0
-0.02084171772003174,0.9997826218605042,-0.00017178672715090215,28.708499908447266,0.9997826218605042,0.02084195613861084,-0.0002715533191803843,-32.37674331665039,-0.0002679139724932611,-0.00017740906332619488,-0.9999997615814209,-292.1099853515625,0.0,0.0,0.0,1.0
0.07365721464157104,0.9972825646400452,0.001304748933762312,28.38347816467285,0.997283399105072,-0.07365691661834717,6.811297498643398e-05,-31.578222274780273,0.000164031982421875,0.0012961877509951591,-0.9999988079071045,-292.10992431640625,0.0,0.0,0.0,1.0
0.15401852130889893,0.9880654811859131,0.002076582284644246,28.131916046142578,0.9880675077438354,-0.15401875972747803,0.0002650709939189255,-30.75204086303711,0.0005817410419695079,0.00201097852550447,-0.9999971389770508,-292.10992431640625,0.0,0.0,0.0,1.0
0.2219904661178589,0.975046694278717,0.0019160995725542307,27.954513549804688,0.9750482439994812,-0.2219909429550171,0.00037935341242700815,-29.90507698059082,0.0007952448795549572,0.0017840774962678552,-0.9999973773956299,-292.1099548339844,0.0,0.0,0.0,1.0
0.27931714057922363,0.960198163986206,0.0010167782893404365,27.849559783935547,0.9601984024047852,-0.27931714057922363,0.00045086577301844954,-29.04360580444336,0.0007169245509430766,0.0008503747521899641,-0.9999988079071045,-292.1100158691406,0.0,0.0,0.0,1.0
0.3275946378707886,0.9448182582855225,-0.00016880297334864736,27.8137149810791,0.9448181390762329,-0.32759416103363037,0.00046000664588063955,-28.17302703857422,0.0003793238429352641,-0.000310183793772012,-0.9999995231628418,-292.11004638671875,0.0,0.0,0.0,1.0
0.36823469400405884,0.9297320246696472,-0.0011335606686770916,27.84258460998535,0.9297327399253845,-0.36823415756225586,0.0003636036126408726,-27.29781150817871,-7.936207111924887e-05,-0.0011878000805154443,-0.999998927116394,-292.1100769042969,0.0,0.0,0.0,1.0
0.4024563431739807,0.9154376983642578,-0.0015342284459620714,27.93133544921875,0.9154388904571533,-0.4024559259414673,0.00013746495824307203,-26.421512603759766,-0.0004916194011457264,-0.0014598163543269038,-0.9999980926513672,-292.1100769042969,0.0,0.0,0.0,1.0
0.431293785572052,0.9022103548049927,-0.0013007215457037091,28.074813842773438,0.9022109508514404,-0.4312936067581177,-0.000174010667251423,-25.54694366455078,-0.0007179878884926438,-0.001098476117476821,-0.9999983310699463,-292.1100158691406,0.0,0.0,0.0,1.0
0.45562177896499634,0.8901730179786682,-0.0006264889962039888,28.267887115478516,0.8901730179786682,-0.455621600151062,-0.00046437146374955773,-24.676124572753906,-0.0006988131790421903,-0.00034610601142048836,-0.9999991655349731,-292.1099548339844,0.0,0.0,0.0,1.0
0.4761703610420227,0.8793529868125916,0.0001613291387911886,28.505624771118164,0.879352867603302,-0.4761698246002197,-0.0006143266800791025,-23.810516357421875,-0.0004633899370674044,0.0004343893378973007,-0.9999995231628418,-292.10992431640625,0.0,0.0,0.0,1.0
0.49355030059814453,0.8697167038917542,0.00074201007373631,28.783321380615234,0.8697170615196228,-0.4935494661331177,-0.0005460120155476034,-22.95108413696289,-0.00010865693911910057,0.0009148233220912516,-0.9999990463256836,-292.10992431640625,0.0,0.0,0.0,1.0
0.5082689523696899,0.8611977100372314,0.000931657268665731,29.096609115600586,0.8611981868743896,-0.5082683563232422,-0.00027370001771487296,-22.098369598388672,0.00023782241623848677,0.0009414550149813294,-0.999998927116394,-292.1099548339844,0.0,0.0,0.0,1.0
0.5207490921020508,0.8537092804908752,0.000726418977137655,29.441423416137695,0.8537095189094543,-0.5207488536834717,0.00010203802958130836,-21.25263786315918,0.00046539289178326726,0.0005670147365890443,-0.9999992847442627,-292.1099853515625,0.0,0.0,0.0,1.0
0.5313423275947571,0.8471570014953613,0.0002691937843337655,29.814071655273438,0.8471568822860718,-0.5313416719436646,0.00043019134318456054,-20.413898468017578,0.000507473770994693,-5.293841240927577e-07,-0.9999991655349731,-292.11004638671875,0.0,0.0,0.0,1.0
0.5403423309326172,0.8414450883865356,-0.00021895015379413962,30.21120262145996,0.8414450883865356,-0.5403416156768799,0.0005855926428921521,-19.582000732421875,0.00037443620385602117,-0.000500654976349324,-0.9999992847442627,-292.11004638671875,0.0,0.0,0.0,1.0
0.5479939579963684,0.8364819884300232,-0.0005448188167065382,30.629831314086914,0.8364821076393127,-0.5479931831359863,0.0005153940292075276,-18.75666618347168,0.00013256071542855352,-0.0007381640607491136,-0.9999991655349731,-292.1100769042969,0.0,0.0,0.0,1.0
0.5545052886009216,0.8321797847747803,-0.0006151901325210929,31.0672607421875,0.8321800231933594,-0.5545046329498291,0.0002531077479943633,-17.93754768371582,-0.00013049482367932796,-0.0006522986805066466,-0.9999991655349731,-292.11004638671875,0.0,0.0,0.0,1.0
0.5600494146347046,0.8284590244293213,-0.0004471965366974473,31.52111053466797,0.8284590244293213,-0.5600489377975464,-9.179853805107996e-05,-17.124242782592773,-0.00032650347566232085,-0.00031907239463180304,-0.9999992847442627,-292.1099853515625,0.0,0.0,0.0,1.0
0.6518155336380005,0.7583765983581543,-0.0010665099835023284,31.96377182006836,0.7583773136138916,-0.6518149375915527,0.0004460897180251777,-16.338674545288086,-0.0003568634856492281,-0.001099585322663188,-0.9999986886978149,-292.11004638671875,0.0,0.0,0.0,1.0
0.7779568433761597,0.628315269947052,-0.0017633173847571015,32.41920471191406,0.6283175349235535,-0.777955174446106,0.0014677996514365077,-15.579526901245117,-0.0004495413741096854,-0.0022498080506920815,-0.9999969005584717,-292.110107421875,0.0,0.0,0.0,1.0
0.8657351732254028,0.5004996061325073,-0.0016122020315378904,32.9268798828125,0.5005019903182983,-0.8657327890396118,0.0017659905133768916,-14.848647117614746,-0.0005118593689985573,-0.0023357905447483063,-0.9999964237213135,-292.1101379394531,0.0,0.0,0.0,1.0
0.9243766665458679,0.3814798891544342,-0.0009083800832740963,33.49296951293945,0.38148078322410583,-0.9243751764297485,0.0012209733249619603,-14.164068222045898,-0.0003739076782949269,-0.0014751689741387963,-0.9999980926513672,-292.1100769042969,0.0,0.0,0.0,1.0
0.96165931224823,0.2742469310760498,-7.673026993870735e-05,34.117122650146484,0.2742469310760498,-0.9616587162017822,0.00014670190284959972,-13.538755416870117,-3.3555821573827416e-05,-0.00016212029731832445,-0.9999994039535522,-292.1100158691406,0.0,0.0,0.0,1.0
0.9837309122085571,0.1796472817659378,0.0005623904871754348,34.795166015625,0.17964772880077362,-0.9837303161621094,-0.0009176703169941902,-12.98104476928711,0.0003883837489411235,0.0010037728352472186,-0.9999991655349731,-292.1099853515625,0.0,0.0,0.0,1.0
0.9952516555786133,0.09733153879642487,0.0008616710547357798,35.52091598510742,0.09733274579048157,-0.9952503442764282,-0.001495321630500257,-12.495361328125,0.0007120368536561728,0.0015720900846645236,-0.9999980926513672,-292.1099548339844,0.0,0.0,0.0,1.0
0.9996524453163147,0.026348846033215523,0.0008330160635523498,36.2874641418457,0.026349982246756554,-0.9996515512466431,-0.001381776644848287,-12.08303165435791,0.0007963177631609142,0.0014032464241608977,-0.9999984502792358,-292.1099853515625,0.0,0.0,0.0,1.0
0.9994044303894043,-0.03450287505984306,0.0005839714431203902,37.087913513183594,-0.03450246527791023,-0.9994038343429565,-0.0007020971388556063,-11.743050575256348,0.0006078479927964509,0.000681530509609729,-0.9999991655349731,-292.1099853515625,0.0,0.0,0.0,1.0
0.9962541460990906,-0.08647338300943375,0.00023419382341671735,37.91584014892578,-0.08647342771291733,-0.9962536096572876,0.0001974132319446653,-11.472736358642578,0.00021624557848554105,-0.00021692528389394283,-0.9999994039535522,-292.11004638671875,0.0,0.0,0.0,1.0
0.9914145469665527,-0.13075605034828186,-0.0001127379946410656,38.7655029296875,-0.13075590133666992,-0.9914134740829468,0.0009253118187189102,-11.26830768585205,-0.00023276021238416433,-0.0009026264306157827,-0.999998927116394,-292.11004638671875,0.0,0.0,0.0,1.0
0.9857122302055359,-0.16843776404857635,-0.0003834982053376734,39.63193893432617,-0.168437197804451,-0.9857110977172852,0.0012120092287659645,-11.12529468536377,-0.00058216683100909,-0.001130096847191453,-0.9999986886978149,-292.11004638671875,0.0,0.0,0.0,1.0
0.9796971678733826,-0.20048221945762634,-0.0005321436910890043,40.5109748840332,-0.2004816234111786,-0.97969651222229,0.0009994746651500463,-11.038901329040527,-0.0007217164966277778,-0.000872497446835041,-0.999998927116394,-292.1099853515625,0.0,0.0,0.0,1.0
0.9737244248390198,-0.22772888839244843,-0.0005365772522054613,41.39915084838867,-0.2277286797761917,-0.9737241268157959,0.00043985870433971286,-11.004229545593262,-0.0006226469413377345,-0.0003061071038246155,-0.9999994039535522,-292.1099853515625,0.0,0.0,0.0,1.0
0.9680127501487732,-0.25090059638023376,-0.0004012065473943949,42.29368591308594,-0.2509007155895233,-0.9680124521255493,-0.0001956410560524091,-11.016453742980957,-0.00033928663469851017,0.0002900460676755756,-0.9999995231628418,-292.1099548339844,0.0,0.0,0.0,1.0
0.9626877903938293,-0.27061453461647034,-0.0001688669144641608,43.19239807128906,-0.2706145942211151,-0.9626870155334473,-0.0006483044708147645,-11.070926666259766,1.287459599552676e-05,0.000669812667183578,-0.9999992847442627,-292.1099548339844,0.0,0.0,0.0,1.0
0.9578120112419128,-0.2873954474925995,0.00010320395813323557,44.093509674072266,-0.28739526867866516,-0.9578113555908203,-0.0007697647088207304,-11.163252830505371,0.0003200768551323563,0.0007076295441947877,-0.9999992847442627,-292.1099853515625,0.0,0.0,0.0,1.0
0.914600133895874,-0.40435847640037537,0.0008774842135608196,44.96688461303711,-0.40435901284217834,-0.9145992994308472,0.0005404636031016707,-11.271467208862305,0.0005840059602633119,-0.0008491268381476402,-0.9999986886978149,-292.110107421875,0.0,0.0,0.0,1.0
0.8221524953842163,-0.5692640542984009,0.0019198227673768997,45.82017135620117,-0.5692671537399292,-0.8221495151519775,0.0021362751722335815,-11.416094779968262,0.0003622769727371633,-0.0028492361307144165,-0.9999955892562866,-292.1102294921875,0.0,0.0,0.0,1.0
0.7195885181427002,-0.6943971514701843,0.0022120510693639517,46.66189193725586,-0.6944006085395813,-0.7195836305618286,0.002546176314353943,-11.633440971374512,-0.00017630122601985931,-0.003368249163031578,-0.9999939203262329,-292.1101989746094,0.0,0.0,0.0,1.0
0.6167833209037781,-0.7871313095092773,0.0015238628257066011,47.475502014160156,-0.7871326208114624,-0.6167798042297363,0.0019336736295372248,-11.932682037353516,-0.0005821669474244118,-0.002392139984294772,-0.9999961853027344,-292.1101379394531,0.0,0.0,0.0,1.0
0.519375205039978,-0.854546070098877,0.00015662172518204898,48.247562408447266,-0.8545458316802979,-0.5193740129470825,0.0008038742817007005,-12.315281867980957,-0.000605602515861392,-0.0005513526848517358,-0.9999988079071045,-292.1099853515625,0.0,0.0,0.0,1.0
0.43020427227020264,-0.9027305245399475,-0.00123861082829535,48.9681396484375,-0.9027313590049744,-0.4302036762237549,-0.00029997926321811974,-12.777779579162598,-0.0002620550221763551,0.0012471855152398348,-0.9999985694885254,-292.1098937988281,0.0,0.0,0.0,1.0
0.35037118196487427,-0.936608612537384,-0.0020168384071439505,49.63071060180664,-0.936610758304596,-0.35036933422088623,-0.0010185664286836982,-13.313865661621094,0.0002473592758178711,0.0022458690218627453,-0.9999969005584717,-292.10986328125,0.0,0.0,0.0,1.0
0.279945433139801,-0.9600138068199158,-0.0018757580546662211,50.231781005859375,-0.9600153565406799,-0.2799426317214966,-0.001238008146174252,-13.915793418884277,0.0006633995799347758,0.0021473318338394165,-0.9999966621398926,-292.10992431640625,0.0,0.0,0.0,1.0
0.21844631433486938,-0.9758483171463013,-0.0009465573821216822,50.7701416015625,-0.9758484363555908,-0.21844482421875,-0.001046848832629621,-14.575406074523926,0.0008147951448336244,0.0011523767607286572,-0.9999985694885254,-292.1099853515625,0.0,0.0,0.0,1.0
0.16512054204940796,-0.9862730503082275,0.00029725581407546997,51.24660110473633,-0.986272931098938,-0.16512012481689453,-0.0006020768778398633,-15.284683227539062,0.0006428953493013978,-0.00019376035197637975,-0.9999991655349731,-292.1100769042969,0.0,0.0,0.0,1.0
0.11910587549209595,-0.992880642414093,0.0012990995310246944,51.6632080078125,-0.9928814768791199,-0.11910593509674072,-7.984566036611795e-05,-16.036144256591797,0.00023400777718052268,-0.001280341763049364,-0.9999990463256836,-292.110107421875,0.0,0.0,0.0,1.0
0.07953238487243652,-0.9968307018280029,0.0016721088904887438,52.02301788330078,-0.9968321323394775,-0.07953155040740967,0.0003706489806063473,-16.823017120361328,-0.00023648858768865466,-0.0016962906811386347,-0.9999982118606567,-292.1100769042969,0.0,0.0,0.0,1.0
0.045577049255371094,-0.9989596605300903,0.0013384181074798107,52.32960891723633,-0.9989603757858276,-0.045575618743896484,0.0006544998032040894,-17.639381408691406,-0.0005928193568252027,-0.0013668572064489126,-0.9999983310699463,-292.11004638671875,0.0,0.0,0.0,1.0
0.016483783721923828,-0.9998637437820435,0.0005136842955835164,52.5869026184082,-0.9998636245727539,-0.016482830047607422,0.0007265539024956524,-18.480058670043945,-0.0007179879467003047,-0.0005255905562080443,-0.9999990463256836,-292.1099853515625,0.0,0.0,0.0,1.0
-0.008418679237365723,-0.9999643564224243,-0.00040273452759720385,52.79892349243164,-0.9999642372131348,0.008418798446655273,0.0005983618320897222,-19.340641021728516,-0.0005949501064606011,0.0004077577032148838,-0.9999994039535522,-292.10992431640625,0.0,0.0,0.0,1.0
-0.029723286628723145,-0.999557614326477,-0.0010201454861089587,52.9697151184082,-0.9995580911636353,0.029722929000854492,0.0003244781692046672,-20.217416763305664,-0.0002940129488706589,0.001029339269734919,-0.9999995231628418,-292.1098937988281,0.0,0.0,0.0,1.0
-0.047944068908691406,-0.9988492131233215,-0.0011351226130500436,53.10318374633789,-0.9988498091697693,0.047944486141204834,-1.282617449760437e-05,-21.107267379760742,6.723403930664062e-05,0.0011332023423165083,-0.999998927116394,-292.10992431640625,0.0,0.0,0.0,1.0
-0.06352627277374268,-0.9979797601699829,-0.0007708045886829495,53.20308303833008,-0.997979998588562,0.06352680921554565,-0.00031597507768310606,-22.00762367248535,0.0003643034724518657,0.0007491748547181487,-0.9999994039535522,-292.1099853515625,0.0,0.0,0.0,1.0
-0.07685065269470215,-0.9970422387123108,-0.000132209257571958,53.27294921875,-0.9970421195030212,0.07685136795043945,-0.0004846800002269447,-22.91637420654297,0.0004934070166200399,9.457004489377141e-05,-0.9999992847442627,-292.11004638671875,0.0,0.0,0.0,1.0
-0.08824348449707031,-0.9960985779762268,0.0004904220113530755,53.31603240966797,-0.9960985779762268,0.08824366331100464,-0.00048253772547468543,-23.83177375793457,0.00043737870873883367,-0.0005310896667651832,-0.9999992847442627,-292.1100769042969,0.0,0.0,0.0,1.0
-0.09798252582550049,-0.9951876401901245,0.0008347801049239933,53.33539581298828,-0.9951879978179932,0.09798252582550049,-0.0003273905604146421,-24.752426147460938,0.0002440213575027883,-0.0008628417854197323,-0.9999992847442627,-292.1100769042969,0.0,0.0,0.0,1.0
-0.10630667209625244,-0.9943327307701111,0.0007930973079055548,53.33373260498047,-0.9943330883979797,0.1063072681427002,-7.51503393985331e-05,-25.67717170715332,-9.58735472522676e-06,-0.0007965920958667994,-0.9999990463256836,-292.11004638671875,0.0,0.0,0.0,1.0
-0.11342442035675049,-0.9935463666915894,0.0004480865318328142,53.313514709472656,-0.9935464859008789,0.11342477798461914,0.0001986645656870678,-26.605093002319336,-0.0002482065465301275,-0.00042266142554581165,-0.9999996423721313,-292.1100158691406,0.0,0.0,0.0,1.0
-0.22760426998138428,-0.9737526774406433,0.0011809917632490396,53.28928756713867,-0.9737533926963806,0.22760504484176636,7.45750148780644e-05,-27.503828048706055,-0.000341417093295604,-0.0011330214329063892,-0.9999988079071045,-292.11004638671875,0.0,0.0,0.0,1.0
-0.3998984098434448,-0.9165562987327576,0.002219954039901495,53.24052047729492,-0.9165588021278381,0.3998991847038269,-0.0004368515219539404,-28.385480880737305,-0.00048735825112089515,-0.0022094156593084335,-0.9999967813491821,-292.110107421875,0.0,0.0,0.0,1.0
-0.5370359420776367,-0.8435559272766113,0.0021978095173835754,53.13149642944336,-0.8435585498809814,0.5370364189147949,-0.0007204310386441648,-29.266592025756836,-0.0005725793307647109,-0.002240879228338599,-0.9999966621398926,-292.110107421875,0.0,0.0,0.0,1.0
-0.6441857814788818,-0.7648673057556152,0.0013292041840031743,52.948509216308594,-0.7648683786392212,0.64418625831604,-0.0005519383703358471,-30.133872985839844,-0.00043409515637904406,-0.0013722176663577557,-0.9999983310699463,-292.11004638671875,0.0,0.0,0.0,1.0
-0.7268835306167603,-0.6867600679397583,0.00013021175982430577,52.6860237121582,-0.6867600679397583,0.7268840670585632,-1.9156825146637857e-05,-30.975603103637695,-8.149270433932543e-05,-0.00010334905527997762,-0.9999995231628418,-292.1100158691406,0.0,0.0,0.0,1.0
-0.7902064323425293,-0.6128390431404114,-0.0008956114761531353,52.34397888183594,-0.6128396391868591,0.790207028388977,0.0005702876369468868,-31.78237533569336,0.00035822376958094537,0.0009995116852223873,-0.9999986886978149,-292.1099548339844,0.0,0.0,0.0,1.0
-0.8384604454040527,-0.5449593663215637,-0.001413608086295426,51.925907135009766,-0.5449607968330383,0.8384609818458557,0.0008869488374330103,-32.54734420776367,0.0007019039476290345,0.0015140334144234657,-0.9999978542327881,-292.1099548339844,0.0,0.0,0.0,1.0
-0.8751401901245117,-0.48386678099632263,-0.0013488833792507648,51.437400817871094,-0.48386797308921814,0.8751406669616699,0.0007700084242969751,-33.26610565185547,0.0008078811224550009,0.0013265472371131182,-0.9999983310699463,-292.1099853515625,0.0,0.0,0.0,1.0
-0.9030019044876099,-0.42963430285453796,-0.0008394932374358177,50.88511276245117,-0.4296346604824066,0.9030027389526367,0.00028276912053115666,-33.936336517333984,0.0006365773733705282,0.0006160166813060641,-0.999998927116394,-292.1100158691406,0.0,0.0,0.0,1.0
-0.9241787195205688,-0.38195884227752686,-0.00013530769501812756,50.27603530883789,-0.3819587826728821,0.9241792559623718,-0.0003289580636192113,-34.557411193847656,0.0002506970486138016,-0.0002523342554923147,-0.9999994039535522,-292.11004638671875,0.0,0.0,0.0,1.0
-0.9403015375137329,-0.3403400778770447,0.0004997574724256992,49.61708068847656,-0.34034037590026855,0.9403019547462463,-0.0007750903605483472,-35.130043029785156,-0.00020612854859791696,-0.0008989069028757513,-0.9999988079071045,-292.11004638671875,0.0,0.0,0.0,1.0
-0.9526091814041138,-0.3041929602622986,0.0008751774439588189,48.91473388671875,-0.3041936755180359,0.9526097774505615,-0.0008671673131175339,-35.6558723449707,-0.0005699162138625979,-0.0010922957444563508,-0.9999984502792358,-292.11004638671875,0.0,0.0,0.0,1.0
-0.9620370864868164,-0.2729158103466034,0.0009094217093661427,48.174949645996094,-0.27291640639305115,0.9620375633239746,-0.0005944548756815493,-36.1372184753418,-0.0007126616546884179,-0.0008200840675272048,-0.9999990463256836,-292.1099853515625,0.0,0.0,0.0,1.0
-0.9692882299423218,-0.24592451751232147,0.0006576760206371546,47.403076171875,-0.24592463672161102,0.9692889451980591,-0.00010362454486312345,-36.57684326171875,-0.0006119942991062999,-0.0002621808962430805,-0.9999992847442627,-292.1099853515625,0.0,0.0,0.0,1.0
-0.9748916625976562,-0.22267790138721466,0.000254776154179126,46.60383987426758,-0.2226778119802475,0.9748920202255249,0.0003819350095000118,-36.97774124145508,-0.0003334277425892651,0.00031561238574795425,-0.9999995231628418,-292.1099548339844,0.0,0.0,0.0,1.0
-0.9792435169219971,-0.2026844322681427,-0.00014873582404106855,45.78136444091797,-0.20268449187278748,0.9792438745498657,0.0006521366885863245,-37.343013763427734,1.3470642443280667e-05,0.0006687474087812006,-0.9999991655349731,-292.1099548339844,0.0,0.0,0.0,1.0
-0.9826422929763794,-0.18550726771354675,-0.0004313997633289546,44.93921661376953,-0.18550750613212585,0.982642650604248,0.0006105015054345131,-37.675785064697266,0.00031065932125784457,0.0006799327675253153,-0.9999991655349731,-292.1099853515625,0.0,0.0,0.0,1.0
-0.9853119850158691,-0.17076221108436584,-0.0005303350044414401,44.08049774169922,-0.17076238989830017,0.9853121638298035,0.0003116539737675339,-37.97907257080078,0.0004693268274422735,0.0003976377483922988,-0.9999996423721313,-292.1100158691406,0.0,0.0,0.0,1.0
-0.9874203205108643,-0.15811288356781006,-0.0004340954765211791,43.20781707763672,-0.15811285376548767,0.9874210357666016,-8.847391291055828e-05,-38.25579833984375,0.0004426238883752376,-1.872489883680828e-05,-0.9999992847442627,-292.11004638671875,0.0,0.0,0.0,1.0
-0.9890964031219482,-0.1472673863172531,-0.00021902928710915148,42.32342529296875,-0.14726729691028595,0.9890966415405273,-0.00041581253753975034,-38.50870895385742,0.0002778767666313797,-0.0003790229675360024,-0.9999995231628418,-292.11004638671875,0.0,0.0,0.0,1.0
-0.990435004234314,-0.1379726231098175,4.016037564724684e-05,41.42921829223633,-0.1379726231098175,0.9904358983039856,-0.0005414446932263672,-38.74033737182617,3.4928300010506064e-05,-0.0005418073269538581,-0.9999988079071045,-292.11004638671875,0.0,0.0,0.0,1.0
-0.9955217838287354,-0.09452497214078903,0.000270520627964288,40.53008270263672,-0.09452516585588455,0.9955220818519592,-0.0008487162995152175,-38.95560073852539,-0.0001890843705041334,-0.0008704871288500726,-0.999998927116394,-292.11004638671875,0.0,0.0,0.0,1.0
-0.9920214414596558,0.1260637640953064,0.00018496645498089492,39.637325286865234,0.12606275081634521,0.9920183420181274,-0.0027991412207484245,-39.15842819213867,-0.0005363604286685586,-0.002753492444753647,-0.9999954700469971,-292.1101379394531,0.0,0.0,0.0,1.0
-0.9506359100341797,0.3103064298629761,-0.00012145709479227662,38.73358154296875,0.31030505895614624,0.9506311416625977,-0.0033432969357818365,-39.30384063720703,-0.0009219858911819756,-0.0032159488182514906,-0.9999938011169434,-292.1101379394531,0.0,0.0,0.0,1.0
-0.8882393836975098,0.4593789875507355,-0.0001921830407809466,37.82848358154297,0.45937803387641907,0.8882373571395874,-0.0024736986961215734,-39.36876678466797,-0.0009656616020947695,-0.002285523572936654,-0.9999960660934448,-292.1100769042969,0.0,0.0,0.0,1.0
-0.8163706064224243,0.5775274038314819,0.0001101706875488162,36.93373107910156,0.5775271654129028,0.8163710236549377,-0.0007905082311481237,-39.34111022949219,-0.000546480470802635,-0.0005817215424031019,-0.9999990463256836,-292.1099853515625,0.0,0.0,0.0,1.0
-0.7424362897872925,0.6699160933494568,0.0005765240639448166,36.06050109863281,0.6699163317680359,0.7424359321594238,0.0009049639920704067,-39.21676254272461,0.00017821782967075706,0.001058101188391447,-0.9999991655349731,-292.1099548339844,0.0,0.0,0.0,1.0
-0.6708865165710449,0.7415589690208435,0.0008686620858497918,35.218223571777344,0.7415589690208435,0.6708846092224121,0.001983336638659239,-38.99711608886719,0.0008879894739948213,0.001974758692085743,-0.9999971389770508,-292.10992431640625,0.0,0.0,0.0,1.0
-0.6041792631149292,0.7968472838401794,0.000751776504330337,34.4140739440918,0.7968465685844421,0.6041774749755859,0.0021800098475068808,-38.6871337890625,0.0012829293264076114,0.0019161689560860395,-0.999996542930603,-292.1099853515625,0.0,0.0,0.0,1.0
-0.543485164642334,0.8394181132316589,0.00022782688029110432,33.65293502807617,0.8394172787666321,0.5434848070144653,0.0016106783878058195,-38.29383850097656,0.0012282126117497683,0.001066622557118535,-0.9999979734420776,-292.11004638671875,0.0,0.0,0.0,1.0
-0.48917174339294434,0.8721868395805359,-0.00045140640577301383,32.93766403198242,0.8721866011619568,0.4891725778579712,0.0006092669209465384,-37.82527160644531,0.0007522103260271251,-9.56743024289608e-05,-0.9999990463256836,-292.1100769042969,0.0,0.0,0.0,1.0
-0.4411337375640869,0.897440493106842,-0.0009536898578517139,32.269371032714844,0.8974409699440002,0.4411340355873108,-0.00041817384772002697,-37.28971481323242,4.541868111118674e-05,-0.0010403513442724943,-0.9999990463256836,-292.1100769042969,0.0,0.0,0.0,1.0
-0.3990015983581543,0.9169491529464722,-0.0010487043764442205,31.647846221923828,0.9169495105743408,0.3990010619163513,-0.0011406021658331156,-36.69524002075195,-0.0006274405168369412,-0.0014167118351906538,-0.9999980926513672,-292.11004638671875,0.0,0.0,0.0,1.0
-0.3622720241546631,0.9320716261863708,-0.0007054751040413976,31.071855545043945,0.9320712685585022,0.36227160692214966,-0.0013919540215283632,-36.049434661865234,-0.0010418279562145472,-0.0011618200223892927,-0.9999980926513672,-292.1099853515625,0.0,0.0,0.0,1.0
-0.3303941488265991,0.9438427686691284,-8.585624163970351e-05,30.5394287109375,0.9438421726226807,0.3303942084312439,-0.0011998950503766537,-35.359249114990234,-0.00110414600931108,-0.0004774733679369092,-0.999998927116394,-292.10992431640625,0.0,0.0,0.0,1.0
-0.3028157949447632,0.9530487060546875,0.0005278598982840776,30.0481014251709,0.9530484676361084,0.3028165102005005,-0.0006929432856850326,-34.63090896606445,-0.000820253393612802,0.00029324175557121634,-0.9999992847442627,-292.10992431640625,0.0,0.0,0.0,1.0
-0.2151801586151123,0.9765740036964417,0.0001508331624791026,29.601947784423828,0.9765740036964417,0.21518069505691528,-0.00019801835878752172,-33.90996551513672,-0.000225836003664881,0.00010469010885572061,-0.9999995231628418,-292.1099853515625,0.0,0.0,0.0,1.0
-0.08954513072967529,0.9959823489189148,-0.0007542325183749199,29.2047176361084,0.9959825873374939,0.08954572677612305,0.00027462278376333416,-33.17998504638672,0.0003410576900932938,-0.0007266112370416522,-0.9999992847442627,-292.1100769042969,0.0,0.0,0.0,1.0
0.01916450262069702,0.9998153448104858,-0.0011997813126072288,28.86486053466797,0.999815821647644,-0.019163131713867188,0.000668394728563726,-32.409603118896484,0.0006452795350924134,-0.0012123699998483062,-0.9999984502792358,-292.1101379394531,0.0,0.0,0.0,1.0
0.11203914880752563,0.9937029480934143,-0.0010822954354807734,28.59130096435547,0.993703305721283,-0.1120377779006958,0.0007976674241945148,-31.60573387145996,0.0006713863695040345,-0.0011648506624624133,-0.9999985694885254,-292.1101379394531,0.0,0.0,0.0,1.0
0.19075071811676025,0.9816380143165588,-0.0005418789223767817,28.38833236694336,0.9816380143165588,-0.19074952602386475,0.0006084188353270292,-30.775814056396484,0.000493883911985904,-0.0006479853764176369,-0.9999988079071045,-292.1100769042969,0.0,0.0,0.0,1.0
0.25714462995529175,0.9663727879524231,0.00013394441339187324,28.256879806518555,0.9663727879524231,-0.2571442127227783,0.00018738859216682613,-29.92693519592285,0.0002155303373001516,8.125431486405432e-05,-0.9999995231628418,-292.1100158691406,0.0,0.0,0.0,1.0
0.3130122423171997,0.9497486352920532,0.0006402396829798818,28.19546127319336,0.9497488737106323,-0.3130115270614624,-0.00027213458088226616,-29.065431594848633,-5.805687396787107e-05,0.0006932484684512019,-0.9999990463256836,-292.1099548339844,0.0,0.0,0.0,1.0
0.35997575521469116,0.9329609870910645,0.0007892983267083764,28.200971603393555,0.9329613447189331,-0.3599745035171509,-0.0005711564444936812,-28.196691513061523,-0.00024873914662748575,0.0009419874404557049,-0.9999986886978149,-292.10992431640625,0.0,0.0,0.0,1.0
0.3994510769844055,0.9167541265487671,0.0005642767646349967,28.269262313842773,0.9167542457580566,-0.39945006370544434,-0.0006124775391072035,-27.325143814086914,-0.00033609080128371716,0.0007619579555466771,-0.9999990463256836,-292.10992431640625,0.0,0.0,0.0,1.0
0.4326517581939697,0.90156090259552,0.00011544802691787481,28.395606994628906,0.90156090259552,-0.432651162147522,-0.0004039677733089775,-26.454139709472656,-0.00031425291672348976,0.0002788607671391219,-0.9999994039535522,-292.1099548339844,0.0,0.0,0.0,1.0
0.46060311794281006,0.8876060247421265,-0.00035077196662314236,28.575029373168945,0.8876060247421265,-0.46060264110565186,-7.960843504406512e-05,-25.586334228515625,-0.00023222758318297565,-0.00027467950712889433,-0.9999995231628418,-292.1100158691406,0.0,0.0,0.0,1.0
0.4841621518135071,0.8749778866767883,-0.0006306245340965688,28.802547454833984,0.8749781250953674,-0.4841616153717041,0.00022415965213440359,-24.72361946105957,-0.00010918959742411971,-0.0006603123620152473,-0.9999992847442627,-292.11004638671875,0.0,0.0,0.0,1.0
0.504043698310852,0.8636777400970459,-0.0006349672330543399,29.07333755493164,0.863677978515625,-0.5040431022644043,0.00037595059257000685,-23.867273330688477,4.6491913963109255e-06,-0.0007379028247669339,-0.9999991655349731,-292.11004638671875,0.0,0.0,0.0,1.0
0.5208442211151123,0.8536514639854431,-0.0003908504149876535,29.382816314697266,0.8536515831947327,-0.5208433866500854,0.0003450220974627882,-23.018117904663086,9.095665882341564e-05,-0.000513352919369936,-0.9999991655349731,-292.11004638671875,0.0,0.0,0.0,1.0
0.5350608229637146,0.8448134064674377,-2.588282586657442e-05,29.726730346679688,0.8448134064674377,-0.5350602865219116,0.00017796052270568907,-22.17659568786621,0.00013649459287989885,-0.0001170858449768275,-0.9999995231628418,-292.1100158691406,0.0,0.0,0.0,1.0
0.5471065640449524,0.8370628356933594,0.0002973141963593662,30.101165771484375,0.8370628356933594,-0.5471060276031494,-3.339780232636258e-05,-21.342838287353516,0.0001347064389847219,0.00026714286650530994,-0.9999994039535522,-292.1099853515625,0.0,0.0,0.0,1.0
0.5573254823684692,0.8302938342094421,0.00046086101792752743,30.502546310424805,0.8302939534187317,-0.5573248863220215,-0.00018458117847330868,-20.51679229736328,0.00010359285806771368,0.00048552200314588845,-0.9999992847442627,-292.1099853515625,0.0,0.0,0.0,1.0
0.5660051107406616,0.8244015574455261,0.0004013548023067415,30.927650451660156,0.8244016766548157,-0.5660046339035034,-0.00023087425506673753,-19.698209762573242,3.683565591927618e-05,0.0004615536017809063,-0.9999995231628418,-292.1099853515625,0.0,0.0,0.0,1.0
0.5733845233917236,0.8192862272262573,0.00017479542293585837,31.373563766479492,0.8192862272262573,-0.5733839273452759,-0.0001548378641018644,-18.886743545532227,-2.663159102667123e-05,0.00023198915005195886,-0.9999994039535522,-292.1099853515625,0.0,0.0,0.0,1.0
0.5796640515327454,0.8148554563522339,-0.00010964421380776912,31.837690353393555,0.8148554563522339,-0.5796635150909424,-2.5279407054767944e-05,-18.081968307495117,-8.415586489718407e-05,-7.4690644396469e-05,-0.9999995231628418,-292.1100158691406,0.0,0.0,0.0,1.0
0.5850119590759277,0.8110244870185852,-0.00033017602981999516,32.31773376464844,0.8110244870185852,-0.5850114822387695,9.959193266695365e-05,-17.283403396606445,-0.00011238540173508227,-0.00032604337320663035,-0.9999995231628418,-292.1100158691406,0.0,0.0,0.0,1.0
0.5895687341690063,0.80771803855896,-0.000411860179156065,32.8116455078125,0.8077181577682495,-0.5895682573318481,0.00015423136937897652,-16.490562438964844,-0.00011824433750007302,-0.0004235969390720129,-0.9999995231628418,-292.1100158691406,0.0,0.0,0.0,1.0
0.6780902147293091,0.7349776029586792,-0.0012093123514205217,33.29130935668945,0.7349785566329956,-0.678088903427124,0.0009801925625652075,-15.724376678466797,-9.96022135950625e-05,-0.0015534779522567987,-0.9999982118606567,-292.1100769042969,0.0,0.0,0.0,1.0
0.7991167306900024,0.6011726260185242,-0.0019355308031663299,33.78098678588867,0.6011757254600525,-0.7991136312484741,0.002089957008138299,-14.984424591064453,-0.00029028451535850763,-0.002833714010193944,-0.9999954700469971,-292.11016845703125,0.0,0.0,0.0,1.0
0.8821355104446411,0.47099244594573975,-0.0017356497701257467,34.32032012939453,0.47099536657333374,-0.8821325302124023,0.0022171223536133766,-14.273962020874023,-0.00048682576743885875,-0.0027732853777706623,-0.9999955892562866,-292.1101379394531,0.0,0.0,0.0,1.0
0.936528205871582,0.3505908250808716,-0.0009774764766916633,34.915103912353516,0.35059189796447754,-0.9365271329879761,0.0013303955784067512,-13.611199378967285,-0.0004490089195314795,-0.0015886483015492558,-0.9999984502792358,-292.1100769042969,0.0,0.0,0.0,1.0
0.9701141715049744,0.2426489144563675,-0.00011618182179518044,35.56476593017578,0.2426489144563675,-0.9701137542724609,-9.305187268182635e-05,-13.009102821350098,-0.0001352885738015175,6.207953265402466e-05,-0.9999996423721313,-292.1099853515625,0.0,0.0,0.0,1.0
0.9890192747116089,0.14778561890125275,0.0005270917317830026,36.26504898071289,0.1477862149477005,-0.9890179634094238,-0.0013648378662765026,-12.475882530212402,0.0003195999888703227,0.0014277477748692036,-0.9999984502792358,-292.10992431640625,0.0,0.0,0.0,1.0
0.9978527426719666,0.0654919371008873,0.0008312867139466107,37.00985336303711,0.06549344211816788,-0.9978505373001099,-0.0019409949891269207,-12.015775680541992,0.0007023808429948986,0.0019912710413336754,-0.9999972581863403,-292.10992431640625,0.0,0.0,0.0,1.0
0.9999856352806091,-0.005295486189424992,0.0008300228510051966,37.7923469543457,-0.00529410969465971,-0.9999841451644897,-0.001651609200052917,-11.629904747009277,0.0008387562120333314,0.0016471912385895848,-0.9999978542327881,-292.1099548339844,0.0,0.0,0.0,1.0
0.9978291392326355,-0.06585335731506348,0.0006214537424966693,38.60582733154297,-0.06585291028022766,-0.9978286027908325,-0.0007117496570572257,-11.317051887512207,0.0006669757422059774,0.000669279950670898,-0.9999990463256836,-292.1100158691406,0.0,0.0,0.0,1.0
0.9930749535560608,-0.11748218536376953,0.00031342770671471953,39.444053649902344,-0.11748230457305908,-0.9930744171142578,0.00041705701733008027,-11.074356079101562,0.00026226043701171875,-0.00045099109411239624,-0.9999994039535522,-292.11004638671875,0.0,0.0,0.0,1.0
0.9868879318237305,-0.16140702366828918,-1.8800783436745405e-05,40.3015251159668,-0.16140687465667725,-0.9868868589401245,0.0012545182835310698,-10.897871017456055,-0.00022104234085418284,-0.001235034316778183,-0.999998927116394,-292.11004638671875,0.0,0.0,0.0,1.0
0.9800530672073364,-0.19873559474945068,-0.0003178544284310192,41.17351531982422,-0.19873490929603577,-0.9800517559051514,0.0015065999468788505,-10.78299617767334,-0.0006109289824962616,-0.0014133792137727141,-0.9999984502792358,-292.11004638671875,0.0,0.0,0.0,1.0
0.9730854034423828,-0.23044419288635254,-0.000532482226844877,42.05604934692383,-0.23044347763061523,-0.9730848073959351,0.0011491657933220267,-10.72484016418457,-0.0007829691166989505,-0.0009955294663086534,-0.999998927116394,-292.1099853515625,0.0,0.0,0.0,1.0
0.9663102626800537,-0.2573792636394501,-0.0006202772492542863,42.94590759277344,-0.25737902522087097,-0.9663100242614746,0.00041323096957057714,-10.718423843383789,-0.0007057375041767955,-0.0002396629424765706,-0.9999992847442627,-292.1099548339844,0.0,0.0,0.0,1.0
0.9599217176437378,-0.2802676260471344,-0.000531430181581527,43.840476989746094,-0.2802678048610687,-0.95992112159729,-0.0003606195095926523,-10.75887393951416,-0.00040906138019636273,0.0004951092996634543,-0.9999991655349731,-292.10992431640625,0.0,0.0,0.0,1.0
0.954024612903595,-0.29972806572914124,-0.0002879766980186105,44.73775100708008,-0.2997281849384308,-0.9540235996246338,-0.000865085341501981,-10.841496467590332,-1.544634869787842e-05,0.0009116274886764586,-0.999998927116394,-292.10992431640625,0.0,0.0,0.0,1.0
0.9486647248268127,-0.31628352403640747,4.403441562317312e-05,45.63623809814453,-0.31628334522247314,-0.9486638307571411,-0.000947005464695394,-10.961868286132812,0.0003412961377762258,0.0008844633121043444,-0.9999991655349731,-292.1099548339844,0.0,0.0,0.0,1.0
0.9019557237625122,-0.4318274259567261,0.0009296258212998509,46.50639724731445,-0.43182796239852905,-0.9019553661346436,0.00044243590673431754,-11.09714126586914,0.0006474254187196493,-0.0008004961418919265,-0.999998927116394,-292.110107421875,0.0,0.0,0.0,1.0
0.8045954704284668,-0.5938195586204529,0.0020928196609020233,47.35517501831055,-0.5938231348991394,-0.804592490196228,0.0021081368904560804,-11.268058776855469,0.0004320142325013876,-0.002938962308689952,-0.9999953508377075,-292.1102600097656,0.0,0.0,0.0,1.0
0.6983344554901123,-0.7157673239707947,0.0024340623058378696,48.19022750854492,-0.715771496295929,-0.6983293294906616,0.002570471726357937,-11.511212348937988,-0.00014008220750838518,-0.0035372814163565636,-0.9999933242797852,-292.1102294921875,0.0,0.0,0.0,1.0
0.5928148627281189,-0.8053368330001831,0.0016921136993914843,48.99468231201172,-0.8053383827209473,-0.5928112268447876,0.00199292809702456,-11.835272789001465,-0.0006018741405569017,-0.002544161630794406,-0.9999959468841553,-292.1101379394531,0.0,0.0,0.0,1.0
0.49345386028289795,-0.8697717189788818,0.00020417763153091073,49.75503921508789,-0.8697714805603027,-0.49345266819000244,0.0008898871019482613,-12.241315841674805,-0.0006732468027621508,-0.0006167059764266014,-0.9999988079071045,-292.1099853515625,0.0,0.0,0.0,1.0
0.4029034972190857,-0.9152413606643677,-0.0013155967462807894,50.46150207519531,-0.9152421951293945,-0.4029029607772827,-0.0002061108243651688,-12.725592613220215,-0.0003414172097109258,0.0012871327344328165,-0.9999985694885254,-292.10986328125,0.0,0.0,0.0,1.0
0.32211416959762573,-0.9466981291770935,-0.002185654127970338,51.10780334472656,-0.9467006325721741,-0.3221123218536377,-0.0009404800948686898,-13.281620979309082,0.0001863241195678711,0.00237210257910192,-0.9999966621398926,-292.1098327636719,0.0,0.0,0.0,1.0
0.25103843212127686,-0.9679746031761169,-0.0020695049315690994,51.690555572509766,-0.9679766297340393,-0.25103557109832764,-0.0011977951508015394,-13.901569366455078,0.0006399153498932719,0.0023039255756884813,-0.9999964237213135,-292.1098937988281,0.0,0.0,0.0,1.0
0.18911027908325195,-0.9819549918174744,-0.0010944828391075134,52.20893096923828,-0.9819552302360535,-0.18910861015319824,-0.0010471035493537784,-14.577235221862793,0.0008212323882617056,0.0012727513676509261,-0.9999983310699463,-292.1099853515625,0.0,0.0,0.0,1.0
0.13550949096679688,-0.9907757639884949,0.0002483309945091605,52.66394805908203,-0.9907755255699158,-0.13550901412963867,-0.0006428302731364965,-15.300646781921387,0.0006705520208925009,-0.00015893093950580806,-0.9999990463256836,-292.1100769042969,0.0,0.0,0.0,1.0
0.08932828903198242,-0.9960011839866638,0.0013599692611023784,53.05786895751953,-0.9960020184516907,-0.08932828903198242,-0.00014792452566325665,-16.06439971923828,0.0002688169479370117,-0.0013413185952231288,-0.9999988079071045,-292.1101379394531,0.0,0.0,0.0,1.0
0.04966437816619873,-0.9987642168998718,0.0017978588584810495,53.393959045410156,-0.998765766620636,-0.049663662910461426,0.0003000488504767418,-16.861818313598633,-0.0002103897277265787,-0.0018105418421328068,-0.9999980926513672,-292.110107421875,0.0,0.0,0.0,1.0
0.015668869018554688,-0.9998758435249329,0.0014674096601083875,53.67599105834961,-0.9998767971992493,-0.015667438507080078,0.0006094942218624055,-17.687095642089844,-0.0005864278646185994,-0.0014767791144549847,-0.9999980926513672,-292.11004638671875,0.0,0.0,0.0,1.0
-0.013428092002868652,-0.9999094009399414,0.0005931302439421415,53.908016204833984,-0.9999092817306519,0.013428986072540283,0.0007271328358910978,-18.535181045532227,-0.0007350321393460035,-0.0005833124159835279,-0.9999990463256836,-292.1099853515625,0.0,0.0,0.0,1.0
-0.0383150577545166,-0.9992653727531433,-0.00039727630792185664,54.094207763671875,-0.9992652535438538,0.0383152961730957,0.0006426014588214457,-19.40178871154785,-0.0006269078585319221,0.0004216060333419591,-0.9999992847442627,-292.10992431640625,0.0,0.0,0.0,1.0
-0.05959200859069824,-0.9982220530509949,-0.0010839250171557069,54.23868942260742,-0.9982225298881531,0.05959206819534302,0.00039446091977879405,-20.28333282470703,-0.00032916650525294244,0.001105505507439375,-0.999998927116394,-292.1098937988281,0.0,0.0,0.0,1.0
-0.07777893543243408,-0.9969696402549744,-0.0012348680756986141,54.34548568725586,-0.9969703555107117,0.07777947187423706,5.580426659435034e-05,-21.17683219909668,4.0411949157714844e-05,0.0012354676146060228,-0.9999988079071045,-292.10992431640625,0.0,0.0,0.0,1.0
-0.09332501888275146,-0.9956352710723877,-0.0008587565971538424,54.41840362548828,-0.9956356287002563,0.09332525730133057,-0.0002722351055126637,-22.079814910888672,0.0003511905379127711,0.0008296023588627577,-0.9999995231628418,-292.1099853515625,0.0,0.0,0.0,1.0
-0.10661125183105469,-0.994300365447998,-0.00018113828264176846,54.4610481262207,-0.9943002462387085,0.10661214590072632,-0.0004825679352506995,-22.990280151367188,0.0004991291207261384,0.00012865850294474512,-0.9999990463256836,-292.11004638671875,0.0,0.0,0.0,1.0
-0.11796700954437256,-0.9930171370506287,0.0004799005400855094,54.47675323486328,-0.9930171370506287,0.11796736717224121,-0.000517992943059653,-23.906583786010742,0.0004577635263558477,-0.0005376558401621878,-0.9999991655349731,-292.1100769042969,0.0,0.0,0.0,1.0
-0.12767112255096436,-0.9918159246444702,0.0008637154242023826,54.46858215332031,-0.9918162822723389,0.12767130136489868,-0.00038522123941220343,-24.82741355895996,0.0002717972092796117,-0.0009058288997039199,-0.9999990463256836,-292.1100769042969,0.0,0.0,0.0,1.0
-0.1359645128250122,-0.9907130002975464,0.000852606724947691,54.43927001953125,-0.990713357925415,0.13596504926681519,-0.00013036749442107975,-25.751718521118164,1.3232318451628089e-05,-0.0008624145993962884,-0.9999990463256836,-292.11004638671875,0.0,0.0,0.0,1.0
-0.1430521011352539,-0.9897147417068481,0.0005053490167483687,54.39134216308594,-0.9897148609161377,0.14305269718170166,0.0001567546569276601,-26.678625106811523,-0.00022743386216461658,-0.00047772741527296603,-0.9999994039535522,-292.1100158691406,0.0,0.0,0.0,1.0
-0.2565884590148926,-0.9665196537971497,0.0012021246366202831,54.34026336669922,-0.966520369052887,0.25658923387527466,2.639181911945343e-05,-27.57624626159668,-0.0003339601680636406,-0.0011551063507795334,-0.9999988079071045,-292.11004638671875,0.0,0.0,0.0,1.0
-0.42709434032440186,-0.9042041301727295,0.002181371208280325,54.26517868041992,-0.9042066335678101,0.4270947575569153,-0.0004907750408165157,-28.456098556518555,-0.0004878910258412361,-0.0021820180118083954,-0.9999971389770508,-292.110107421875,0.0,0.0,0.0,1.0
-0.5619887113571167,-0.8271414041519165,0.0021263929083943367,54.12987518310547,-0.8271439075469971,0.5619893074035645,-0.0007557274075224996,-29.333560943603516,-0.0005699160392396152,-0.00218354444950819,-0.9999966621398926,-292.110107421875,0.0,0.0,0.0,1.0
-0.6667399406433105,-0.7452883720397949,0.0012601912021636963,53.92106628417969,-0.7452893257141113,0.6667407155036926,-0.0005627905484288931,-30.195011138916016,-0.00042077916441485286,-0.0013144429540261626,-0.9999982118606567,-292.11004638671875,0.0,0.0,0.0,1.0
-0.7470676898956299,-0.6647474765777588,8.445697312708944e-05,53.633548736572266,-0.6647474765777588,0.7470680475234985,-7.579119483125396e-06,-31.02850914001465,-5.805690307170153e-05,-6.18046906311065e-05,-0.9999996423721313,-292.1100158691406,0.0,0.0,0.0,1.0
-0.8081543445587158,-0.5889694094657898,-0.0008994339732453227,53.26755142211914,-0.5889700055122375,0.8081546425819397,0.000590516603551805,-31.82469940185547,0.0003790853952523321,0.0010069685522466898,-0.9999990463256836,-292.1099548339844,0.0,0.0,0.0,1.0
-0.8543585538864136,-0.5196805596351624,-0.0013790287775918841,52.82680130004883,-0.5196818709373474,0.8543592691421509,0.0009052495006471872,-32.57684326171875,0.0007077452028170228,0.0014900648966431618,-0.9999977350234985,-292.1099548339844,0.0,0.0,0.0,1.0
-0.8891980648040771,-0.45751953125,-0.0012914100661873817,52.317020416259766,-0.45752066373825073,0.8891986012458801,0.000780053436756134,-33.28070068359375,0.0007914302404969931,0.0012844693847000599,-0.9999983310699463,-292.1099853515625,0.0,0.0,0.0,1.0
-0.9154272079467773,-0.4024803042411804,-0.0007792247924953699,51.74494934082031,-0.4024806022644043,0.9154284000396729,0.00028901954647153616,-33.93413543701172,0.000596999772824347,0.0005781996878795326,-0.9999985694885254,-292.1100158691406,0.0,0.0,0.0,1.0
-0.9351711273193359,-0.35419487953186035,-9.729326120577753e-05,51.11758804321289,-0.3541948199272156,0.9351716041564941,-0.0003183069929946214,-34.53675079345703,0.00020372861763462424,-0.0002632108808029443,-0.9999995231628418,-292.11004638671875,0.0,0.0,0.0,1.0
-0.9500440359115601,-0.3121139705181122,0.0005034526693634689,50.441810607910156,-0.31211426854133606,0.9500442743301392,-0.0007611085311509669,-35.08944320678711,-0.00024074966495390981,-0.0008802217780612409,-0.9999990463256836,-292.11004638671875,0.0,0.0,0.0,1.0
-0.9612668752670288,-0.27561625838279724,0.0008526686578989029,49.72408676147461,-0.27561697363853455,0.9612671732902527,-0.000857751234434545,-35.59406280517578,-0.0005832321476191282,-0.0010595382191240788,-0.9999988079071045,-292.11004638671875,0.0,0.0,0.0,1.0
-0.9697563648223877,-0.24407166242599487,0.0008855128544382751,48.97024154663086,-0.24407222867012024,0.9697569012641907,-0.0005875622155144811,-36.053104400634766,-0.0007153248297981918,-0.0007859215838834643,-0.9999990463256836,-292.1099853515625,0.0,0.0,0.0,1.0
-0.9761981964111328,-0.2168760597705841,0.0006443479796871543,48.18558120727539,-0.21687617897987366,0.9761990904808044,-0.00010548289719736204,-36.469486236572266,-0.0006061352323740721,-0.00024271607981063426,-0.9999990463256836,-292.1099853515625,0.0,0.0,0.0,1.0
-0.9811053276062012,-0.19347231090068817,0.00025653434568084776,47.374725341796875,-0.193472221493721,0.9811056852340698,0.0003646781842689961,-36.84634017944336,-0.00032224247115664184,0.0003081555769313127,-0.9999996423721313,-292.1099548339844,0.0,0.0,0.0,1.0
-0.9848579168319702,-0.17335782945156097,-0.00013508166011888534,46.54170227050781,-0.17335788905620575,0.9848586916923523,0.0006271283491514623,-37.1868896484375,2.4318680516444147e-05,0.0006410504574887455,-0.9999988079071045,-292.1099853515625,0.0,0.0,0.0,1.0
-0.9877426624298096,-0.15608668327331543,-0.00041622755816206336,45.69001388549805,-0.15608692169189453,0.9877431392669678,0.0005940161645412445,-37.49435043334961,0.0003184078959748149,0.0006517032161355019,-0.9999990463256836,-292.1099853515625,0.0,0.0,0.0,1.0
-0.9899705648422241,-0.14126810431480408,-0.0005240195896476507,44.8226203918457,-0.1412682831287384,0.9899712800979614,0.0003145139489788562,-37.77186584472656,0.00047433353029191494,0.0003853871312458068,-0.9999990463256836,-292.1100158691406,0.0,0.0,0.0,1.0
-0.9917008876800537,-0.12856203317642212,-0.00043559804907999933,43.94205856323242,-0.12856200337409973,0.9917014837265015,-7.071287836879492e-05,-38.02241897583008,0.00044107422581873834,-1.412468554917723e-05,-0.9999994039535522,-292.11004638671875,0.0,0.0,0.0,1.0
-0.9930522441864014,-0.11767120659351349,-0.00021936677512712777,43.050506591796875,-0.11767111718654633,0.9930525422096252,-0.00039672042476013303,-38.24881362915039,0.0002645253262016922,-0.0003681511152535677,-0.9999995231628418,-292.11004638671875,0.0,0.0,0.0,1.0
-0.9941128492355347,-0.10834113508462906,3.7238438380882144e-05,42.1497802734375,-0.10834113508462906,0.9941136240959167,-0.0005408480064943433,-38.453643798828125,2.157687231374439e-05,-0.0005416988860815763,-0.999998927116394,-292.11004638671875,0.0,0.0,0.0,1.0
-0.9979002475738525,-0.06476151198148727,0.000249404925853014,41.24460983276367,-0.0647617056965828,0.9979003667831421,-0.0008657682337798178,-38.6419677734375,-0.00019281280401628464,-0.000880102685187012,-0.9999991655349731,-292.11004638671875,0.0,0.0,0.0,1.0
-0.9878157377243042,0.15562419593334198,0.00010272153303958476,40.34618377685547,0.15562330186367035,0.9878124594688416,-0.00282187364064157,-38.81803894042969,-0.0005406215786933899,-0.0027715067844837904,-0.9999954700469971,-292.1101379394531,0.0,0.0,0.0,1.0
-0.9409478902816772,0.3385496139526367,-0.0002229639794677496,39.43851089477539,0.3385484218597412,0.9409429430961609,-0.0033603375777602196,-38.936397552490234,-0.0009278448997065425,-0.00323738856241107,-0.9999936819076538,-292.1101379394531,0.0,0.0,0.0,1.0
-0.8741283416748047,0.48569396138191223,-0.00027006372692994773,38.531864166259766,0.4856930673122406,0.8741258382797241,-0.0024841255508363247,-38.97427749633789,-0.000970455352216959,-0.002302614040672779,-0.9999963045120239,-292.1100769042969,0.0,0.0,0.0,1.0
-0.7987637519836426,0.6016438603401184,8.429728040937334e-05,37.63832092285156,0.6016436219215393,0.798764169216156,-0.0008008223958313465,-38.919925689697266,-0.0005491436459124088,-0.0005889513995498419,-0.9999990463256836,-292.1099853515625,0.0,0.0,0.0,1.0
-0.722103476524353,0.6917842626571655,0.0006090854294598103,36.769195556640625,0.6917845010757446,0.7221033573150635,0.0008906431612558663,-38.769554138183594,0.000176310510141775,0.0010644927388057113,-0.999998927116394,-292.1099548339844,0.0,0.0,0.0,1.0
-0.6484463214874268,0.7612590789794922,0.0009422246366739273,35.93385314941406,0.7612591981887817,0.6484445333480835,0.0019679695833474398,-38.52485656738281,0.0008871549507603049,0.0019934012088924646,-0.9999970197677612,-292.10992431640625,0.0,0.0,0.0,1.0
-0.5801181793212891,0.8145313858985901,0.0008323949878104031,35.13930892944336,0.8145307898521423,0.5801160335540771,0.0021692076697945595,-38.191001892089844,0.0012840025592595339,0.001936409156769514,-0.9999969005584717,-292.1099853515625,0.0,0.0,0.0,1.0
-0.5181795358657837,0.8552711606025696,0.0002889659081120044,34.390254974365234,0.8552703261375427,0.5181792378425598,0.0016112637240439653,-37.77515411376953,0.001228331821039319,0.0010820687748491764,-0.9999978542327881,-292.11004638671875,0.0,0.0,0.0,1.0
-0.46291184425354004,0.8864037394523621,-0.00042658683378249407,33.68928527832031,0.886403501033783,0.4629126787185669,0.0006197778857313097,-37.28542709350586,0.0007468459662050009,-9.122531628236175e-05,-0.9999990463256836,-292.1100769042969,0.0,0.0,0.0,1.0
-0.4141411781311035,0.9102118015289307,-0.0009711487218737602,33.03728103637695,0.9102122783660889,0.4141414165496826,-0.0004010049160569906,-36.730140686035156,3.719329833984375e-05,-0.001050024526193738,-0.9999990463256836,-292.1100769042969,0.0,0.0,0.0,1.0
-0.37144482135772705,0.9284539222717285,-0.0010969156865030527,32.43378448486328,0.9284543991088867,0.3714442253112793,-0.0011249567614868283,-36.11737060546875,-0.0006370280170813203,-0.0014362962683662772,-0.9999982118606567,-292.11004638671875,0.0,0.0,0.0,1.0
-0.3342796564102173,0.9424731731414795,-0.0007632491178810596,31.877323150634766,0.9424729347229004,0.33427906036376953,-0.0013868678361177444,-35.45465850830078,-0.0010519480565562844,-0.001182944281026721,-0.9999980926513672,-292.1099853515625,0.0,0.0,0.0,1.0
-0.3020639419555664,0.9532872438430786,-0.0001377859734930098,31.36573600769043,0.9532866477966309,0.3020641803741455,-0.001196322962641716,-34.74889373779297,-0.0010988195426762104,-0.0004927160916849971,-0.9999985694885254,-292.10992431640625,0.0,0.0,0.0,1.0
-0.27422213554382324,0.9616660475730896,0.0004936272162012756,30.8963565826416,0.9616658091545105,0.27422279119491577,-0.0006889282958582044,-34.0062141418457,-0.0007978828507475555,0.0002857849467545748,-0.9999992847442627,-292.10992431640625,0.0,0.0,0.0,1.0
-0.2502157688140869,0.9681894183158875,0.0008625023765489459,30.46628189086914,0.9681897759437561,0.2502163052558899,-6.86673738528043e-05,-33.2320442199707,-0.0002822950773406774,0.0008178844582289457,-0.9999992847442627,-292.10992431640625,0.0,0.0,0.0,1.0
-0.22954857349395752,0.9732964038848877,0.0008370968280360103,30.072423934936523,0.9732967615127563,0.2295488715171814,0.0004661471757572144,-32.431121826171875,0.0002615450939629227,0.0009217474143952131,-0.999998927116394,-292.1099548339844,0.0,0.0,0.0,1.0
-0.21177995204925537,0.977316677570343,0.0004667675239033997,29.711681365966797,0.9773165583610535,0.21178048849105835,0.0007698187255300581,-31.6075382232666,0.0006535049178637564,0.0006192124565131962,-0.9999986886978149,-292.1100158691406,0.0,0.0,0.0,1.0
-0.19651782512664795,0.9804999232292175,-6.043835310265422e-05,29.3809871673584,0.9804995656013489,0.1965184211730957,0.0007827767985872924,-30.76483154296875,0.0007793900440447032,9.457010310143232e-05,-0.9999990463256836,-292.11004638671875,0.0,0.0,0.0,1.0
-0.18341970443725586,0.9830343127250671,-0.0005158134736120701,29.077409744262695,0.9830341935157776,0.18342047929763794,0.0005488948081620038,-29.9060115814209,0.0006341931875795126,-0.0004063841188326478,-0.9999992847442627,-292.1100769042969,0.0,0.0,0.0,1.0
-0.1721862554550171,0.9850638508796692,-0.0007207558955997229,28.79817771911621,0.9850640892982483,0.17218691110610962,0.00018430061754770577,-29.03365135192871,0.0003056525019928813,-0.0006782567361369729,-0.9999992847442627,-292.1100769042969,0.0,0.0,0.0,1.0
-0.26972007751464844,0.9629381895065308,0.000615095195826143,28.551313400268555,0.9629383087158203,0.26972073316574097,-2.46258859988302e-05,-28.16594696044922,-0.00018961698515340686,0.0005856568459421396,-0.9999991655349731,-292.10992431640625,0.0,0.0,0.0,1.0
-0.42709803581237793,0.9042016267776489,0.0024561937898397446,28.309343338012695,0.9042044878005981,0.42709940671920776,0.00016819953452795744,-27.300174713134766,-0.000896952289622277,0.0022927396930754185,-0.9999964237213135,-292.1097717285156,0.0,0.0,0.0,1.0
-0.5523223876953125,0.833624541759491,0.0030469459015876055,28.03512191772461,0.8336289525032043,0.5523245334625244,0.00036329671274870634,-26.434837341308594,-0.0013800493907183409,0.0027406802400946617,-0.9999947547912598,-292.1097106933594,0.0,0.0,0.0,1.0
-0.6504803895950317,0.7595188617706299,0.0023580053821206093,27.712820053100586,0.7595213651657104,0.650482177734375,0.0002620933228172362,-25.582828521728516,-0.0013347755884751678,0.001961442641913891,-0.9999966621398926,-292.1097412109375,0.0,0.0,0.0,1.0
-0.7266910076141357,0.6869632601737976,0.0008933568024076521,27.334285736083984,0.6869633793830872,0.7266919016838074,-0.0001675953099038452,-24.75514793395996,-0.0007643269491381943,0.0004919135244563222,-0.9999990463256836,-292.10992431640625,0.0,0.0,0.0,1.0
-0.7855292558670044,0.6188231706619263,-0.0006610440905205905,26.89673614501953,0.6188235282897949,0.7855296730995178,-0.0006861691363155842,-23.960323333740234,9.465217590332031e-05,-0.0009480761364102364,-0.9999988079071045,-292.1100769042969,0.0,0.0,0.0,1.0
-0.8308265209197998,0.5565275549888611,-0.0017151805805042386,26.400941848754883,0.5565294623374939,0.8308272361755371,-0.0009739602683112025,-23.20442771911621,0.0008829826256260276,-0.0017637416021898389,-0.9999971389770508,-292.1101989746094,0.0,0.0,0.0,1.0
-0.8656766414642334,0.5005986094474792,-0.0019860274624079466,25.84990692138672,0.5006008744239807,0.8656777739524841,-0.0008320865454152226,-22.49134063720703,0.0013027183013036847,-0.0017145256279036403,-0.9999971389770508,-292.1102294921875,0.0,0.0,0.0,1.0
-0.892513632774353,0.451016902923584,-0.001527485903352499,25.2479248046875,0.4510177969932556,0.8925148844718933,-0.0003026975900866091,-21.82300567626953,0.0012267821002751589,-0.0009590853587724268,-0.9999983310699463,-292.11016845703125,0.0,0.0,0.0,1.0
-0.9132242202758789,0.4074559211730957,-0.0006406570319086313,24.599899291992188,0.4074557423591614,0.9132248759269714,0.0003748187446035445,-21.199859619140625,0.0007377860601991415,8.125427120830864e-05,-0.9999992847442627,-292.1100769042969,0.0,0.0,0.0,1.0
-0.9292553663253784,0.3694358766078949,0.0002995514078065753,23.910871505737305,0.36943599581718445,0.9292557239532471,0.0008751223213039339,-20.62116813659668,4.4941873056814075e-05,0.000923877872992307,-0.9999986886978149,-292.10992431640625,0.0,0.0,0.0,1.0
-0.9417130947113037,0.3364139199256897,0.0009730722522363067,23.185758590698242,0.33641481399536133,0.9417133927345276,0.0009728019358590245,-20.085344314575195,-0.0005890909815207124,0.0012434568488970399,-0.9999984502792358,-292.10986328125,0.0,0.0,0.0,1.0
-0.9514379501342773,0.30783626437187195,0.0012156188022345304,22.429203033447266,0.3078371584415436,0.951438844203949,0.0006409790366888046,-19.590213775634766,-0.000959270226303488,0.0009840648854151368,-0.9999984502792358,-292.10986328125,0.0,0.0,0.0,1.0
-0.9590681791305542,0.28317147493362427,0.0010268837213516235,21.645389556884766,0.2831716537475586,0.9590692520141602,4.1437611798755825e-05,-19.133235931396484,-0.0009731186437420547,0.00033052597427740693,-0.999998927116394,-292.1098937988281,0.0,0.0,0.0,1.0
-0.9650876522064209,0.26192519068717957,0.0005384982214309275,20.83812141418457,0.2619248926639557,0.9650880694389343,-0.0005536948447115719,-18.711654663085938,-0.0006647249101661146,-0.00039331812877207994,-0.9999992847442627,-292.1099853515625,0.0,0.0,0.0,1.0
